Maturity (Years),Hazard Rate,Survival Probability
1,0.012,0.9880717128619306
2,0.014,0.972388366801247
3,0.016,0.9531337870775047
4,0.017,0.9342604735772135
5,0.018,0.9139311852712282
7,0.019,0.8754650921087711
10,0.02,0.8187307530779818
